Job,Similarity
Mobile Developer,0.5304477214813232
Backend Developer,0.49761953949928284
UX/UI Designer,0.49669140577316284
