Job,Similarity
Data Engineer,0.5221703052520752
Backend Developer,0.5181739330291748
Frontend Developer,0.5037297010421753
