Job,Similarity
Data Engineer,0.21390891075134277
Machine Learning Engineer,0.19471657276153564
Data Analyst,0.19043277204036713
