Job,Similarity
Data Scientist,0.4724452346563339
Fullstack Developer,0.4601041078567505
AI Researcher,0.4557343050837517
