Job,Similarity
Fullstack Developer,0.48367495834827423
Data Scientist,0.4792380854487419
DevOps Engineer,0.4737992659211159
